code_ue,nom_matiere,semestre,id_parcours,ue_id,id_enseignant
CHM1120,Chimie appliquée,1,1069,1,507456
FRA1120,Techniques de communication orales,1,1069,2,144428
INF1120,Algorithmique et Initiation à la programmation,1,1069,3,191950
MTH1120,Bases mathématiques,1,1069,4,940842
MTH1121,Calcul différentiel et Pratique,1,1069,5,569234
MTU1120,Méthode de travail universitaire,1,1069,6,997024
PHY1120,Physique pour l'ingénieur : Éléments de mécanique classique du point dans un référentiel galiléen,1,1069,7,439646
PHY1121,Physique pour l'ingénieur : Électricité,1,1069,8,353789
ANG1221,Anglais : compréhension orale et écrite,2,1069,9,234419
FRA1220,Techniques de communication écrites,2,1069,10,276381
GEM1220,Géométrie descriptive et dessin,2,1069,11,837272
INF1220,Structure de données et programmation C,2,1069,12,181016
INF1221,Programmation Python,2,1069,13,790245
MTH1220,Structure algébrique de base,2,1069,14,204317
MTH1221,Algèbre linéaire et Pratique,2,1069,15,914224
PHY1220,Mécanique du solide,2,1069,16,650718
INF1320,Programmation Orientée Objet,3,1069,17,160145
INF1321,Architecture et technologie des ordinateurs et des Système d'information,3,1069,18,750417
MTH1320,Séries et intégrations multiple et généralisée,3,1069,19,662148
MTH1321,Mathématiques pour l’Ingénieur : Probabilités et Statistiques,3,1069,20,683110
MTH1322,Algèbre tensorielle,3,1069,21,545843
PHY1320,Physique pour l'ingénieur : Loi de la thermodynamique,3,1069,22,980659
PHY1321,Physique pour l'ingénieur : Optique,3,1069,23,131152
SEG1320,Economie et comptabilité,3,1069,24,493313
ANG1420,"Anglais de spécialité : Approche thématique des textes, compréhension orale et écrite",4,1069,25,144428
GEC1422,Résistance des Matériaux pour GC,4,1069,26,845836
GEC1423,Hydraulique des bases,4,1069,27,566058
GEL1429,Installations électriques,4,1069,28,181016
MTH1420,Calcul différentiel dans Rn,4,1069,29,254977
MTH1421,Statistiques inférentielles (décisionnelles),4,1069,30,954001
MTH1422,Analyse numérique et Pratique,4,1069,31,363576
MTH1423,Théorie des graphes,4,1069,32,848595
GEC1520,Technique de construction,5,1069,33,767172
GEC1521,Structures,5,1069,34,400838
GEC1522,Topographie appliquée,5,1069,35,296062
GEC1523,Matériaux: de génie civil,5,1069,36,766149
GEC1524,Dessin appliqué au génie civil,5,1069,37,428249
GEC1525,Géotechnique,5,1069,38,662148
GEC1620,Routes,6,1069,39,270221
GEC1621,Béton Armé,6,1069,40,568037
GEC1622,Hydrologie de l' ingénieur,6,1069,41,983736
GEC1623,Métré et étude de prix,6,1069,42,181016
GEC1624,Construction métallique : notions de bases et technologie,6,1069,43,683110
GEC1625,Eau et assainissement:technologie,6,1069,44,957407
GEC1626,Mécanique des sols,6,1069,45,701451
CHM1120,Chimie appliquée,1,1070,46,440004
FRA1120,Techniques de communication orales,1,1070,47,255764
INF1120,Algorithmique et Initiation à la programmation,1,1070,48,796792
MTH1120,Bases mathématiques,1,1070,49,969481
MTH1121,Calcul différentiel et Pratique,1,1070,50,569234
MTU1120,Méthode de travail universitaire,1,1070,51,940842
PHY1120,Physique pour l'ingénieur : Éléments de mécanique classique du point dans un référentiel galiléen,1,1070,52,589155
PHY1121,Physique pour l'ingénieur : Électricité,1,1070,53,938149
ANG1221,Anglais : compréhension orale et écrite,2,1070,54,796792
FRA1220,Techniques de communication écrites,2,1070,55,667681
GEM1220,Géométrie descriptive et dessin,2,1070,56,363474
INF1220,Structure de données et programmation C,2,1070,57,887135
INF1221,Programmation Python,2,1070,58,569234
MTH1220,Structure algébrique de base,2,1070,59,131961
MTH1221,Algèbre linéaire et Pratique,2,1070,60,720783
PHY1220,Mécanique du solide,2,1070,61,947373
INF1320,Programmation Orientée Objet,3,1070,62,841695
INF1321,Architecture et technologie des ordinateurs et des Système d'information,3,1070,63,799952
MTH1320,Séries et intégrations multiple et généralisée,3,1070,64,589155
MTH1321,Mathématiques pour l’Ingénieur : Probabilités et Statistiques,3,1070,65,234419
MTH1322,Algèbre tensorielle,3,1070,66,709172
PHY1320,Physique pour l'ingénieur : Loi de la thermodynamique,3,1070,67,627738
PHY1321,Physique pour l'ingénieur : Optique,3,1070,68,131152
SEG1320,Economie et comptabilité,3,1070,69,320954
ANG1420,"Anglais de spécialité : Approche thématique des textes, compréhension orale et écrite",4,1070,70,276269
GEL1420,Electronique,4,1070,71,736871
GEL1421,Electronique - Magnétisme - Machines - Réseaux,4,1070,72,767800
GEM1420,Notion de RDM pour ingénieur GE,4,1070,73,512889
MTH1420,Calcul différentiel dans Rn,4,1070,74,236084
MTH1421,Statistiques inférentielles (décisionnelles),4,1070,75,831383
MTH1422,Analyse numérique et Pratique,4,1070,76,518244
MTH1423,Théorie des graphes,4,1070,77,448168
GEL1520,"Production, Transport, Distribution et Protection",5,1070,78,556470
GEL1521,Electronique Numérique,5,1070,79,774325
GEL1522,Systèmes Signaux Simulation,5,1070,80,447789
GEL1523,Electronique du Signal et Composants,5,1070,81,151560
GEL1524,Appareillage et Câblage Electriques,5,1070,82,502637
GEL1525,Circuits et Mesures Electriques,5,1070,83,580746
GEL1526,Stage d'initiation au métier de génie électrique,5,1070,84,720783
GEL1620,Asservissement et Régulation des Systèmes Linéaire,6,1070,85,743679
GEL1622,Electrostatique - Electrocinétique - Electromagnétisme,6,1070,86,241174
GEL1623,Machines électriques,6,1070,87,767800
GEL1624,Système de Maintenance,6,1070,88,506412
GEL1625,Automate Programmable Industriel,6,1070,89,577733
GEL1626,Convertisseurs statiques,6,1070,90,845836
GEL1627,Electroniques : Fonctions et Systèmes,6,1070,91,779207
GEL1628,Projet de Spécialité GE,6,1070,92,538630
GEL1629,Traitement du Signal,6,1070,93,538630
CHM1120,Chimie appliquée,1,1071,94,181016
FRA1120,Techniques de communication orales,1,1071,95,611394
INF1120,Algorithmique et Initiation à la programmation,1,1071,96,589155
MTH1120,Bases mathématiques,1,1071,97,472161
MTH1121,Calcul différentiel et Pratique,1,1071,98,126619
MTU1120,Méthode de travail universitaire,1,1071,99,870499
PHY1120,Physique pour l'ingénieur : Éléments de mécanique classique du point dans un référentiel galiléen,1,1071,100,951803
PHY1121,Physique pour l'ingénieur : Électricité,1,1071,101,415403
ANG1221,Anglais : compréhension orale et écrite,2,1071,102,650718
FRA1220,Techniques de communication écrites,2,1071,103,186249
GEM1220,Géométrie descriptive et dessin,2,1071,104,996700
INF1220,Structure de données et programmation C,2,1071,105,947373
INF1221,Programmation Python,2,1071,106,675916
MTH1220,Structure algébrique de base,2,1071,107,169733
MTH1221,Algèbre linéaire et Pratique,2,1071,108,388274
PHY1220,Mécanique du solide,2,1071,109,574018
INF1320,Programmation Orientée Objet,3,1071,110,236921
INF1321,Architecture et technologie des ordinateurs et des Système d'information,3,1071,111,881813
MTH1320,Séries et intégrations multiple et généralisée,3,1071,112,248723
MTH1321,Mathématiques pour l’Ingénieur : Probabilités et Statistiques,3,1071,113,948604
MTH1322,Algèbre tensorielle,3,1071,114,881948
PHY1320,Physique pour l'ingénieur : Loi de la thermodynamique,3,1071,115,769673
PHY1321,Physique pour l'ingénieur : Optique,3,1071,116,437822
SEG1320,Economie et comptabilité,3,1071,117,881948
ANG1420,"Anglais de spécialité : Approche thématique des textes, compréhension orale et écrite",4,1071,118,378704
GEL1420,Introduction à l'électronique et montage des circuits électroniques,4,1071,119,876490
GEL1421,Physiques pour l'Ingénieur : Electrotechnique - Magnétisme - Machines - Réseaux,4,1071,120,279205
GEL1422,Physiques pour l'ingénieur : Electrostatique - Electrocinétique - Electromagnétisme,4,1071,121,776261
GEL1423,Physique des Capteurs : Notions fondamentales,4,1071,122,833881
GEM1420,Résistance des matériaux pour ingénieur génie mécanique,4,1071,123,221365
MTH1420,Calcul différentiel dans Rn,4,1071,124,790245
MTH1421,Statistiques inférentielles (décisionnelles),4,1071,125,340126
MTH1422,Analyse numérique et Pratique,4,1071,126,667681
MTH1423,Théorie des graphes,4,1071,127,530804
GEM1520,Fabrication mécanique 1,5,1071,128,545511
GEM1521,Construction mécanique : les organes de transmission de puissance,5,1071,129,898026
GEM1522,Métrologie,5,1071,130,335654
GEM1523,Conception assistée par ordinateur,5,1071,131,175341
GEM1524,Résistance des matériaux : Dimensionnement des structures,5,1071,132,832556
GEM1525,Bureau des méthodes,5,1071,133,714780
GEM1526,Organisation et méthodes de la maintenance,5,1071,134,870499
GEM1527,Energies renouvelables,5,1071,135,419941
ANG1620,Anglais de spécialité pour le mécanicien,6,1071,136,799952
GEM1620,Métallurgie,6,1071,137,131152
GEM1621,Fabrication assistée par ordinateur et Pratique,6,1071,138,353789
GEM1622,Maintenance industrielle,6,1071,139,248723
GEM1623,Projet de conception,6,1071,140,903636
GEM1624,Montage d'usinage,6,1071,141,204317
GEM1625,Transfert Thermique,6,1071,142,681030
GEM1626,Thermodynamique avancée,6,1071,143,358618
GEM1627,Fabrication mécanique 2,6,1071,144,428249
GEM1628,Hydraulique et pneumatique,6,1071,145,774325
CHM1120,Chimie appliquée,1,1072,146,568234
FRA1120,Techniques de communication orales,1,1072,147,876490
INF1120,Algorithmique et Initiation à la programmation,1,1072,148,841695
MTH1120,Bases mathématiques,1,1072,149,709172
MTH1121,Calcul différentiel et Pratique,1,1072,150,575196
MTU1120,Méthode de travail universitaire,1,1072,151,992703
PHY1120,Physique pour l'ingénieur : Éléments de mécanique classique du point dans un référentiel galiléen,1,1072,152,881813
PHY1121,Physique pour l'ingénieur : Électricité,1,1072,153,518244
ANG1221,Anglais : compréhension orale et écrite,2,1072,154,686150
FRA1220,Techniques de communication écrites,2,1072,155,439646
GEM1220,Géométrie descriptive et dessin,2,1072,156,400838
INF1220,Structure de données et programmation C,2,1072,157,793117
INF1221,Programmation Python,2,1072,158,232444
MTH1220,Structure algébrique de base,2,1072,159,200972
MTH1221,Algèbre linéaire et Pratique,2,1072,160,924383
PHY1220,Mécanique du solide,2,1072,161,834190
INF1320,Programmation Orientée Objet,3,1072,162,760259
INF1321,Architecture et technologie des ordinateurs et des Système d'information,3,1072,163,274798
MTH1320,Séries et intégrations multiple et généralisée,3,1072,164,936854
MTH1321,Mathématiques pour l’Ingénieur : Probabilités et Statistiques,3,1072,165,625454
MTH1322,Algèbre tensorielle,3,1072,166,274798
PHY1320,Physique pour l'ingénieur : Loi de la thermodynamique,3,1072,167,636876
PHY1321,Physique pour l'ingénieur : Optique,3,1072,168,221365
SEG1320,Economie et comptabilité,3,1072,169,886564
ANG1420,"Anglais de spécialité : Approche thématique des textes, compréhension orale et écrite",4,1072,170,451320
DRT1420,Droit: droit du travail et droit de l'informatique,4,1072,171,538630
INF1428,Architecture et fonctionnement des réseaux Informatiques,4,1072,172,747692
INF1429,Analyse et conception MERISE,4,1072,173,883591
MTH1420,Calcul différentiel dans Rn,4,1072,174,569234
MTH1421,Statistiques inférentielles (décisionnelles),4,1072,175,681030
MTH1422,Analyse numérique et Pratique,4,1072,176,367115
MTH1423,Théorie des graphes,4,1072,177,577818
ANG1520,Anglais,5,1072,178,662148
INF1520,Initiation aux Systèmes d’Information,5,1072,179,627738
INF1521,Base de données,5,1072,180,743679
INF1522,Modélisation-UML,5,1072,181,796163
INF1525,Projet tutoré,5,1072,182,221365
INF1526,Bases de la Sécurité des systèmes informatiques,5,1072,183,419941
INF1527,Généralités sur les stockages de l'information,5,1072,184,975784
INF1528,Programmation web,5,1072,185,757394
INF1529,Compilation,5,1072,186,310304
ANG1620,Anglais,6,1072,187,518244
INF1620,Adminsitration de bases de données,6,1072,188,607932
INF1621,Adminsitration Système Linux,6,1072,189,353789
INF1623,Initiation à l'ingénierie des Systèmes d'Information,6,1072,190,589155
INF1624,Développement d'applications de bureau,6,1072,191,388274
INF1625,Développement d'applications distribuées,6,1072,192,913036
INF1630,Stage,6,1072,193,131152
CHM1120,Chimie appliquée,1,1073,194,131961
FRA1120,Techniques de communication orales,1,1073,195,388274
INF1120,Algorithmique et Initiation à la programmation,1,1073,196,734396
MTH1120,Bases mathématiques,1,1073,197,870499
MTH1121,Calcul différentiel et Pratique,1,1073,198,151560
MTU1120,Méthode de travail universitaire,1,1073,199,186249
PHY1120,Physique pour l'ingénieur : Éléments de mécanique classique du point dans un référentiel galiléen,1,1073,200,833881
PHY1121,Physique pour l'ingénieur : Électricité,1,1073,201,800119
ANG1221,Anglais : compréhension orale et écrite,2,1073,202,447789
FRA1220,Techniques de communication écrites,2,1073,203,667681
GEM1220,Géométrie descriptive et dessin,2,1073,204,832556
INF1220,Structure de données et programmation C,2,1073,205,306952
INF1221,Programmation Python,2,1073,206,719471
MTH1220,Structure algébrique de base,2,1073,207,965594
MTH1221,Algèbre linéaire et Pratique,2,1073,208,472161
PHY1220,Mécanique du solide,2,1073,209,448168
INF1320,Programmation Orientée Objet,3,1073,210,276269
INF1321,Architecture et technologie des ordinateurs et des Système d'information,3,1073,211,447789
MTH1320,Séries et intégrations multiple et généralisée,3,1073,212,131152
MTH1321,Mathématiques pour l’Ingénieur : Probabilités et Statistiques,3,1073,213,980659
MTH1322,Algèbre tensorielle,3,1073,214,796163
PHY1320,Physique pour l'ingénieur : Loi de la thermodynamique,3,1073,215,518244
PHY1321,Physique pour l'ingénieur : Optique,3,1073,216,734396
SEG1320,Economie et comptabilité,3,1073,217,279205
ANG1420,"Anglais de spécialité : Approche thématique des textes, compréhension orale et écrite",4,1073,218,399076
DRT1420,Droit: droit du travail et droit de l'informatique,4,1073,219,399076
INF1428,Architecture et fonctionnement des réseaux Informatiques,4,1073,220,153559
INF1429,Analyse et conception MERISE,4,1073,221,399076
MTH1420,Calcul différentiel dans Rn,4,1073,222,192621
MTH1421,Statistiques inférentielles (décisionnelles),4,1073,223,296062
MTH1422,Analyse numérique et Pratique,4,1073,224,969481
MTH1423,Théorie des graphes,4,1073,225,473490
ANG1520,Anglais,5,1073,226,832556
INF1520,Initiation aux Systèmes d’Information,5,1073,227,578572
INF1521,Base de données,5,1073,228,793117
INF1522,Modélisation-UML,5,1073,229,419941
INF1523,Méthodes numériques en python pour l'analyse,5,1073,230,837272
INF1525,Projet tutoré,5,1073,231,153559
MTH1520,Recherche opérationnelle,5,1073,232,987150
MTH1524,Modélisation statistique,5,1073,233,948604
ANG1620,Anglais,6,1073,234,965594
INF1620,Adminsitration de bases de données,6,1073,235,997807
INF1621,Adminsitration Système Linux,6,1073,236,785671
INF1622,Programmation distribuée pour le stockage et le calcul,6,1073,237,779207
INF1630,Stage,6,1073,238,191950
MTH1620,Statistiques exploratoires multidimensionelles,6,1073,239,983175
MTH1621,Data Mining,6,1073,240,735043
CHM1120,Chimie appliquée,1,1074,241,472161
FRA1120,Techniques de communication orales,1,1074,242,914224
INF1120,Algorithmique et Initiation à la programmation,1,1074,243,879867
MTH1120,Bases mathématiques,1,1074,244,320954
MTH1121,Calcul différentiel et Pratique,1,1074,245,774325
MTU1120,Méthode de travail universitaire,1,1074,246,437822
PHY1120,Physique pour l'ingénieur : Éléments de mécanique classique du point dans un référentiel galiléen,1,1074,247,126619
PHY1121,Physique pour l'ingénieur : Électricité,1,1074,248,837272
ANG1221,Anglais : compréhension orale et écrite,2,1074,249,903636
FRA1220,Techniques de communication écrites,2,1074,250,507456
GEM1220,Géométrie descriptive et dessin,2,1074,251,938149
INF1220,Structure de données et programmation C,2,1074,252,274798
INF1221,Programmation Python,2,1074,253,652365
MTH1220,Structure algébrique de base,2,1074,254,153559
MTH1221,Algèbre linéaire et Pratique,2,1074,255,881948
PHY1220,Mécanique du solide,2,1074,256,502637
INF1320,Programmation Orientée Objet,3,1074,257,399076
INF1321,Architecture et technologie des ordinateurs et des Système d'information,3,1074,258,619709
MTH1320,Séries et intégrations multiple et généralisée,3,1074,259,310304
MTH1321,Mathématiques pour l’Ingénieur : Probabilités et Statistiques,3,1074,260,340126
MTH1322,Algèbre tensorielle,3,1074,261,830803
PHY1320,Physique pour l'ingénieur : Loi de la thermodynamique,3,1074,262,611394
PHY1321,Physique pour l'ingénieur : Optique,3,1074,263,579198
SEG1320,Economie et comptabilité,3,1074,264,788685
ANG1420,"Anglais de spécialité : Approche thématique des textes, compréhension orale et écrite",4,1074,265,530804
DRT1420,Droit: droit du travail et droit de l'informatique,4,1074,266,340126
INF1428,Architecture et fonctionnement des réseaux Informatiques,4,1074,267,241174
INF1429,Analyse et conception MERISE,4,1074,268,871885
MTH1420,Calcul différentiel dans Rn,4,1074,269,666124
MTH1421,Statistiques inférentielles (décisionnelles),4,1074,270,512889
MTH1422,Analyse numérique et Pratique,4,1074,271,367115
MTH1423,Théorie des graphes,4,1074,272,276381
ANG1520,Anglais,5,1074,273,176040
GEI1520,Introduction aux technologies de fabrication avancées,5,1074,274,852973
GEI1521,Qualité niveau I,5,1074,275,968801
GES1520,Gestion des stocks niveau I,5,1074,276,176040
GES1521,Gestion de production niveau I,5,1074,277,495082
INF1520,Initiation aux Systèmes d’Information,5,1074,278,151560
INF1521,Base de données,5,1074,279,837272
INF1525,Projet tutoré,5,1074,280,394695
MTH1520,Recherche opérationnelle,5,1074,281,246911
MTH1524,Modélisation statistique,5,1074,282,276269
ANG1620,Anglais,6,1074,283,569234
GEI1620,Qualité niveau II,6,1074,284,997024
GES1620,Gestion des stocks niveau II,6,1074,285,357631
GES1621,Gestion de production niveau II,6,1074,286,757394
GES1623,Logistique de transport et de distribution,6,1074,287,887574
INF1630,Stage,6,1074,288,234788
CHM107,Chimie appliquée,1,1093,289,965594
CHM113,Chimie par la Pratique,1,1093,290,709472
GEM100,Dessin Technique I,1,1093,291,845836
GEM110,Géométrie Descriptive de base,1,1093,292,241174
INF100,Système d'exploitation et introduction à la programmation,1,1093,293,579198
MTH100,Bases mathématiques,1,1093,294,330694
MTH101,Algèbre linéaire de base,1,1093,295,831383
PHY109,Electrostatique,1,1093,296,652365
PHY119,Lumière et Applications I,1,1093,297,116039
PHY129,Statique et Dynamique I,1,1093,298,388720
ANG100,Anglais : Ecouter et Parler,2,1093,299,555510
FRA100,Fançais : Ecouter et Parler,2,1093,300,554655
GEM200,Dessin Technique II,2,1093,301,575196
INF200,Algorithme et structures de données,2,1093,302,743679
MTH102,Structure algébrique de base,2,1093,303,555510
MTH103,Calcul Différentiel dans IR,2,1093,304,367115
PHY209,Electrocinétique,2,1093,305,722253
PHY219,Lumière et Applications II,2,1093,306,636876
PHY229,Statique et Dynamique II,2,1093,307,808285
ANG101,Anglais : Lire  et Ecrire,3,1093,308,296062
ECO300,Economie Générale,3,1093,309,708175
FRA101,Français: Lire  et Ecrire,3,1093,310,386235
GEL300,Introduction à l'Electronique,3,1093,311,405656
GEM310,Fabrication Mécanique I,3,1093,312,886564
MTH221,Suite et Séries des fonctions,3,1093,313,992676
PHY309,Magnétostatique & Rég. Variables I,3,1093,314,881142
PHY339,Physique des Capteurs,3,1093,315,435586
STA160,Calculs de Probabilités et Statistiques,3,1093,316,575196
ANG201,Anglais de spécialité : approche thématique des textes,4,1093,317,957407
FRA205,Fançais : Ecrits professionnels,4,1093,318,793117
GEL350,Introduction à l'Electrotechnique,4,1093,319,131961
GEM105,Statique Appliquée,4,1093,320,650718
GEM122,Introduction à la Mécanique des fluides,4,1093,321,192621
GEM215,Notion de RDM pour Ingénieur en GE,4,1093,322,142375
INF300,Programmation Orientée Objet,4,1093,323,416420
INF305,Introduction au Système UNIX,4,1093,324,719471
MTH104,Calcul Intégral et applications,4,1093,325,680561
PHY319,Magnétostatique et Régimes variables II,4,1093,326,808869
GEL400,Electronique I,5,1093,327,589155
GEL410,Circuits Electriques,5,1093,328,241174
GEM301,Construction Mécanique pour GE,5,1093,329,141188
MGT400,Electromagnétisme I,5,1093,330,887135
MTH400,Analyse Numérique,5,1093,331,221365
MTH410,Fonct. Spéc. et Equat. aux Dériv. Part.,5,1093,332,699380
MTH420,Analyse tensor. et introd. à la MMC,5,1093,333,139208
PHY329,Introduction à la thermodynamique,5,1093,334,808869
CPT400,Comptabilité,6,1093,335,987150
DRI400,Gestion de la Propriété Industrielle,6,1093,336,607932
GEL402,Mesures Electriques,6,1093,337,992676
GEL404,Appareillages Electriques & Câblage,6,1093,338,968801
GEL450,Electronique II,6,1093,339,887574
GEL452,Systèmes Logiques,6,1093,340,281348
GEL454,Systèmes-Simulations-Signaux,6,1093,341,153559
GEL456,Machines Electriques I,6,1093,342,739351
GEL528,Traitement du Signal,6,1093,343,279397
CHM107,Chimie appliquée,1,1094,344,176040
CHM113,Chimie par la Pratique,1,1094,345,287992
GEM100,Dessin Technique I,1,1094,346,447789
GEM110,Géométrie descriptive,1,1094,347,887574
INF100,Système d'exploitation et introduction à la programmation,1,1094,348,625454
MTH100,Bases mathématiques,1,1094,349,150819
MTH101,Algèbre linéaire de base,1,1094,350,392665
PHY109,Electrostatique,1,1094,351,880393
PHY119,Lumière et application I,1,1094,352,234788
PHY129,Statique et Dynamique I,1,1094,353,607932
ANG100,Anglais : Ecouter et Parler,2,1094,354,625454
FRA100,Français : Ecouter et Parler,2,1094,355,255764
GEM200,Dessin Technique II,2,1094,356,107649
INF200,Algorithme et structures de données,2,1094,357,983175
MTH102,Structure algébrique de base,2,1094,358,785671
MTH103,Calcul Différentiel dans IR,2,1094,359,579198
PHY209,Electrocinétique,2,1094,360,180503
PHY219,Lumière et application II,2,1094,361,636876
PHY229,Statique et Dynamique II,2,1094,362,887574
ANG101,Anglais : Lire  et Ecrire,3,1094,363,992676
ECO300,Economie Générale,3,1094,364,848595
FRA101,Français : Lire  et Ecrire,3,1094,365,720783
GEC110,Matériaux tropicaux,3,1094,366,169185
GEC125,Dessin de Génie Civil,3,1094,367,852973
GEC151,Machines de chantier,3,1094,368,419941
GEM310,Fabrication Mécanique I,3,1094,369,992703
MTH221,Suites et séries des fonctions,3,1094,370,254977
PHY309,Magnétostatique et Régimes variables I,3,1094,371,954001
STA160,Calcul de probabilités et statistiques,3,1094,372,574018
ANG201,Anglais de spécialité : approche thématique des textes,4,1094,373,144428
FRA205,Français : Ecrits professionnels,4,1094,374,419941
GEC115,Géologie appliquée,4,1094,375,234419
GEC127,Dessin d'architecture,4,1094,376,764594
GEM105,Statique Appliquée,4,1094,377,767800
GEM122,Introduction à la Mécanique des fluides,4,1094,378,688827
INF300,Programmation Orientée Objet,4,1094,379,790245
INF305,Introduction au Système UNIX,4,1094,380,980659
MTH104,Calcul Intégral et applications,4,1094,381,545511
PHY319,Magnétostatique et Régimes variables II,4,1094,382,662148
GEC120,Topographie,5,1094,383,650718
GEC130,Matériaux de construction des ouvrages de GC,5,1094,384,829442
GEC220,Initiation au DAO,5,1094,385,191950
GEC305,Ecoulement en charge,5,1094,386,186249
GEM210,Résistance des Matériaux pour GC,5,1094,387,834190
MTH400,Analyse Numérique,5,1094,388,779207
MTH410,Fonctions spéciales et équations aux dérivées partielles,5,1094,389,495082
MTH420,Analyse tensorielle et introduction à la MMC,5,1094,390,435586
CPT400,Comptabilité,6,1094,391,502425
DRI400,Gestion de la proprieté industrielle,6,1094,392,938149
GEC160,Conception bâtiments,6,1094,393,327503
GEC235,Projet de topographie,6,1094,394,913036
GEC310,Ecoulement à surface libre,6,1094,395,808285
GEC315,Structures,6,1094,396,881813
GEC370,Hydrologie de l'ingénieur,6,1094,397,415403
GEL307,Equipements électriques,6,1094,398,399076
GEM495,Mécanique des milieux continus,6,1094,399,683110
CHM107,Chimie appliquée,1,1095,400,616021
CHM113,Chimie par la Pratique,1,1095,401,808869
GEM100,Dessin Technique I,1,1095,402,142375
GEM110,Géométrie Descriptive de base,1,1095,403,932700
INF100,Système d'exploitation et introduction à la programmation,1,1095,404,767800
MTH100,Bases mathématiques,1,1095,405,320954
MTH101,Algèbre linéaire de base,1,1095,406,234419
PHY109,Electrostatique,1,1095,407,881813
PHY119,Lumière et application I,1,1095,408,811851
PHY129,Statique et Dynamique I,1,1095,409,639813
ANG100,Anglais : Ecouter et Parler,2,1095,410,279397
FRA100,Français : Ecouter et Parler,2,1095,411,793117
GEM200,Dessin Technique II,2,1095,412,848595
INF200,Algorithme et structures de données,2,1095,413,153031
MTH102,Structure algébrique de base,2,1095,414,983736
MTH103,Calcul Différentiel dans IR,2,1095,415,747692
PHY209,Electrocinétique,2,1095,416,681030
PHY219,Lumière et application II,2,1095,417,447789
PHY229,Statique et Dynamique II,2,1095,418,153559
ANG101,Anglais : Lire  et Ecrire,3,1095,419,837272
ECO300,Economie Générale,3,1095,420,296062
FRA101,Français : Lire  et Ecrire,3,1095,421,279397
GEM310,Fabrication Mécanique I,3,1095,422,735043
GEM315,Productique,3,1095,423,680561
GEM330,Construction Mécanique I,3,1095,424,400838
MTH221,Suites et séries des fonctions et intégrales dépendant d'un paramètre,3,1095,425,502637
PHY309,Magnétostatique et Régimes variables,3,1095,426,987150
PHY329,Thermodynamique classique,3,1095,427,276381
STA160,Calculs de probabilité et statistique,3,1095,428,997807
ANG201,Anglais de spécialité : approche thématique des textes,4,1095,429,246911
FRA205,Français : Ecrits professionnels,4,1095,430,169185
GEM105,Statique Appliquée,4,1095,431,973017
GEM122,Introduction à la Mécanique des fluides,4,1095,432,675916
GEM135,TP Fabrication Mécanique I,4,1095,433,714780
GEM300,Introduction à la Conception Assistée par Ordinateur,4,1095,434,530804
INF300,Programmation Orientée Objet,4,1095,435,447789
INF305,Introduction au Système UNIX,4,1095,436,619709
MTH104,Calcul Intégral et applications,4,1095,437,392665
PHY319,Magnétostatique et Régimes variables II,4,1095,438,497702
GEL420,Circuits et Mesures Electriques,5,1095,439,694074
GEM340,Fabrication mécanique II,5,1095,440,378704
GEM405,Bureau des Méthodes I,5,1095,441,835832
GEM410,Construction Mécanique II,5,1095,442,790245
GEM420,TP Fabrication Mécanique II,5,1095,443,451320
MTH400,Analyse Numérique,5,1095,444,241174
MTH410,Fonctions spéciales et Equations aux dérivées partielles,5,1095,445,965594
MTH420,Analyse tensorielle et introduction à la MMC,5,1095,446,141188
CPT400,Comptabilité,6,1095,447,987817
DRI400,Gestion de la Propriété Industrielle,6,1095,448,852973
GEM320,Résistance des matériaux I,6,1095,449,394695
GEM415,Fabrication mécanique III,6,1095,450,680975
GEM416,Hydraulique et pneumatique,6,1095,451,200972
GEM434,Construction Mécanique III,6,1095,452,327503
GEM440,Bureau des Méthodes II,6,1095,453,757394
GEM480,Projet de conception Génie Mécanique,6,1095,454,652365
GEM495,Mécanique des milieux continus,6,1095,455,153031
ANG1120,Anglais : expression orale et écrite,1,1075,456,449857
CHM1125,Chimie appliquée : notions de base,1,1075,457,940842
FRA1120,Français : expression orale et écrite,1,1075,458,554469
GEC1122,Géologie appliquée,1,1075,459,709172
GEC1123,Mécanique appliquée au génie civil,1,1075,460,983175
GEC1124,"Hydrologie de l’ingénieur, notion de base",1,1075,461,871885
GEC1125,Topographie,1,1075,462,493313
GEL1120,Installations électriques,1,1075,463,204317
GEM1125,Géométrie descriptive,1,1075,464,276381
MTH1125,Eléments d'algèbre et de géométrie,1,1075,465,997807
PHY1125,Electrostatique et applications,1,1075,466,766149
ANG1220,Anglais lire et écrire,2,1075,467,448233
CHM1225,Chimie appliquée : notions avancées,2,1075,468,554469
FRA1220,Français : Lire et Ecrire,2,1075,469,311995
GEC1224,Technologie des ouvrages,2,1075,470,310304
GEC1225,Géotechnique,2,1075,471,814490
GEC1226,Matériaux de construction,2,1075,472,627738
GEC1227,Topographie applications,2,1075,473,764594
INF1225,Informatique,2,1075,474,808869
MTH1225,Eléments d'analyse mathématique,2,1075,475,832556
FRA1321,Français : Ecrits professionnels,3,1075,476,947373
GEC1325,Calcul de Structures,3,1075,477,138934
GEC1326,Techniques de construction,3,1075,478,281348
GEC1327,Hydrolique de base,3,1075,479,144428
GEC1328,Construction métallique : Notions de base et technologie,3,1075,480,363474
MTH1325,"Intégrales généralisés, Transformés de Fourier et de Laplace et Application",3,1075,481,837272
MTH1326,Introduction au calcul de probabilités et statistiques,3,1075,482,131152
ANG1421,Anglais de spécialité : approche thématique des textes,4,1075,483,556470
GEC1424,Béton Armé,4,1075,484,996700
GEC1425,Physique du bâtiment,4,1075,485,796792
GEC1426,Dessin appliqué,4,1075,486,627738
GEC1427,Routes,4,1075,487,834190
GEC1458,Gestion de chantier,4,1075,488,619709
DRV1520,Propriété industrielle : Notions générales,5,1075,489,142375
GEC1521,Etude de DAO et soumission,5,1075,490,139208
GEC1525,Métré et étude de prix,5,1075,491,607932
GEC1528,Eau et assainissement,5,1075,492,611394
GEO1523,Initiation au système d'information géographique SIG,5,1075,493,992703
INF1526,Logiciels professionnels,5,1075,494,139208
MGT1520,Vie professionnelle et entrepreneuriat,5,1075,495,386235
MGT1521,HSQE,5,1075,496,666124
GEC1629,"Stage et mémoire de licence professionnelle génie civil, conducteur des travaux",6,1075,497,486383
ANG1120,Anglais : Ecouter et Parler,1,1076,498,796792
CHM1120,Chimie Appliquée pour Tech. Sup. : Notions de Base,1,1076,499,394695
FRA1120,Français : Ecouter et Parler,1,1076,500,853626
GEL1120,Circuits Electriques,1,1076,501,388274
GEL1121,Introduction à l’Electronique Générale par la Pratique,1,1076,502,153031
GEM1123,Notions sur la Résistance de Matériaux,1,1076,503,627738
GEM1125,Géométrie Descriptive pour Tech ; Sup.,1,1076,504,451320
MTH1125,Eléments d’Algèbre et de Géométrie,1,1076,505,578572
PHY1120,Mécanique Appliquée au point Matériel,1,1076,506,126619
PHY1125,Electrostatique et applications,1,1076,507,650718
ANG1220,Anglais : Lire et Ecrire,2,1076,508,616021
CHM1225,"Chimie appliquée, notions avancées",2,1076,509,954001
FRA1220,Français : Lire et Ecrire,2,1076,510,419941
GEL1220,Transformateurs et Machines Asynchrones,2,1076,511,227914
GEL1221,Mesure etEssais et câblage,2,1076,512,528108
INF1226,Introduction à la Programmation,2,1076,513,164974
MTH1225,Elément d’Analyse Mathématique,2,1076,514,502637
NF1225,Informatique de Base,2,1076,515,358618
PHY1225,Introduction à la Physique des capteurs,2,1076,516,611394
PHY1226,Résistance des Matériaux,2,1076,517,439646
PHY1227,Mécanique Appliquée au Solide,2,1076,518,497702
FRA1320,Français : Ecrits Professionnels,3,1076,519,399076
GEL1320,Installations et alimentation Electriques,3,1076,520,719471
GEL1321,Electronique analogique et digitale,3,1076,521,169185
GEL1322,Machines à Courant Continu et Machines Synchrones,3,1076,522,776261
INF1325,Mise œuvre de systèmes Informatiques,3,1076,523,363576
INF1326,Technologie des Ordinateurs,3,1076,524,276381
MTH1325,"Intégrales Généralisées, Transformées de Fourier et de Laplace et Applications",3,1076,525,200972
MTH1326,Calcul de probabilités et statistiques,3,1076,526,760259
ANG1420,Anglais de spécialité : approche thématique des textes,4,1076,527,680975
GEL1421,Asservissement et regulation analogique,4,1076,528,996700
GEL1422,Automates Programmables par la Pratique,4,1076,529,616294
GEL1423,"Introduction à la Production Transport, Distribution et Protection",4,1076,530,241174
GEL1424,Lignes-Antennes-Propagation (LAP),4,1076,531,881948
GEL1425,Maintenance des Appareils Audio Visuels (MAAV),4,1076,532,965594
GEL1428,Introduction à l’Electronique de Puissance,4,1076,533,175341
INF1426,"Introduction à l’algorithme, à la Programmation et aux bases de Données",4,1076,534,808869
INF1427,Informatique Industrielle : Mise en œuvre des microprocesseurs,4,1076,535,236921
MGT1420,Initiation à la vie Professionnelle,4,1076,536,835832
DRV1520,Gestion de Propriété Industrielle,5,1076,537,311995
GEL1520,"Réseaux Electriques, Distribution et Protection",5,1076,538,776261
GEL1521,Energies solaire et éolienne,5,1076,539,785671
GEL1522,Machines électriques et convertisseurs statiques,5,1076,540,757394
GEL1523,Projet Tutoré (PDGEE) Respecter un cahier de Charges et les délais,5,1076,541,632292
GEL1524,Sécurité et Hygiène du Travail,5,1076,542,848595
MGT1520,Elaboration de Projet de création d'Entreprises,5,1076,543,834190
MGT1521,Initiation à la démarche Qualité,5,1076,544,400838
GEL1620,Stage professionnelle en Génie Electrique pour Lpro,6,1076,545,675916
GEL1621,Rédaction du mémoire,6,1076,546,575196
GEL1622,Soutenance du mémoire,6,1076,547,506412
ANG1120,Anglais : Parler,1,1078,548,887135
FRA1120,Français : Parler,1,1078,549,812000
GEL1121,Electronique analogique,1,1078,550,204317
INF1120,Architecture et Technologie des Ordinateurs,1,1078,551,448233
INF1121,Informatique de base et initiation au métier de l'ingénieur,1,1078,552,811851
INF1126,Systèmes d'exploitation,1,1078,553,340126
MTH1121,Algèbre linéaire de base,1,1078,554,472161
MTH1122,Calcul Différentiel dans IR,1,1078,555,694074
MTU1120,Méthode de travail universitaire,1,1078,556,506412
GEL1221,Electronique Numérique,2,1078,557,932700
INF1220,Eléments mathématiques sur les bases de données,2,1078,558,848595
INF1225,Généralités sur les Réseaux,2,1078,559,232444
INF1226,Initiation à la programmation procédurale et web,2,1078,560,811851
INF1228,Méthode d'Analyse et Conception de logiciel - MERISE,2,1078,561,363576
MTH1222,Structure algébrique de base,2,1078,562,311995
MTH1224,Calcul Intégral et applications,2,1078,563,448233
MTH1225,Calcul de Probabilités et Statistique,2,1078,564,903636
ANG1320,Anglais : Lire et comprendre,3,1078,565,992703
FRA1320,Français : Lire et comprendre,3,1078,566,861734
INF1321,Théorie des Systèmes d'Exploitation,3,1078,567,914224
INF1325,Analyse et conception d'algorithmes,3,1078,568,545511
INF1326,Programmation Orientée Objet,3,1078,569,276269
INF1328,Développement web,3,1078,570,296062
INF1329,Projet Tuteuré 1,3,1078,571,954001
MTH1320,Algorithmiques  Numériques,3,1078,572,774325
MTH1324,Recherche opérationnelle,3,1078,573,665443
CPT1420,Comptabilité Générale de base,4,1078,574,965594
DRT1420,Droit de l’Informatique,4,1078,575,932700
INF1421,Administration de bases de données,4,1078,576,281348
INF1423,Administration Système,4,1078,577,367115
INF1425,Généralités sur la sécurité informatique,4,1078,578,472161
INF1426,Développement d’applications de bureau,4,1078,579,234419
INF1427,Structure de Données,4,1078,580,616021
INF1428,Modélisation  UML,4,1078,581,637429
INF1429,Normes documentaires,4,1078,582,545843
INF1523,Programmation et Administration Système,5,1078,583,852973
INF1525,Projet Tuteuré GL 2,5,1078,584,848595
INF1526,Développement d’applications distribuées,5,1078,585,335654
INF1527,Systèmes d’informations,5,1078,586,632292
INF1528,Initiation au Génie Logiciel,5,1078,587,814490
MGT1520,Initiation à l’entrepreneuriat,5,1078,588,554655
MTH1525,Théorie des graphes,5,1078,589,908087
INF1627,Initiation à l’ingénierie des Systèmes d’Information,6,1078,590,439646
INF1628,Administration des résaux informatiques,6,1078,591,852973
INF1629,Stage + Projet professionnel,6,1078,592,667681
MGT1620,Gestion de projet et entrepreneuriat,6,1078,593,983736
ANG1120,Anglais : écouter et parler,1,1077,594,987150
CHM1120,Chimie appliquée : notions de base,1,1077,595,380015
FRA1120,Français : écouter et parler,1,1077,596,887135
GEL1120,"Electricité, conducteurs et électrocinétique",1,1077,597,380015
GEM1120,Statique Appliquée,1,1077,598,767172
GEM1121,Thermodynamique : notions générales,1,1077,599,246911
GEM1122,Fabrication mécanique 1,1,1077,600,405656
GEM1123,"Construction mécanique : liaisons, arbres, roulements",1,1077,601,330694
GEM1124,Métrologie,1,1077,602,396973
MTH1120,Eléments d'algèbre et de géométrie,1,1077,603,720783
ANG1220,Anglais : lire et écrire,2,1077,604,164974
CHM1220,Chimie appliquée : notions avancées,2,1077,605,507456
FRA1220,Français : lire et écrire,2,1077,606,887135
GEM1220,Mécanismes et résistance des matériaux,2,1077,607,435586
GEM1221,Fabrication mécanique 2,2,1077,608,736871
GEM1222,Construction mécanique : organes de transmission de mouvement,2,1077,609,790245
GEM1223,Bureau des méthodes,2,1077,610,796163
INF1220,Informatique et programmation,2,1077,611,380015
MTH1220,Eléments d'analyse mathématique,2,1077,612,142375
FRA1320,Français : écrits professionnels,3,1077,613,853626
GEL1320,Notions d'électrotechnique,3,1077,614,757724
GEM1320,Mécanique appliquée et résistance des matériaux avancées,3,1077,615,709472
GEM1321,Métallurgie,3,1077,616,330694
GEM1322,Fabrication mécanique 3,3,1077,617,169185
GEM1323,Contruction mécanique : éléments de transmission,3,1077,618,975784
GEM1324,Conception et Fabrication Assistées par Ordinateur et Commande Numérique (CFAO-CN),3,1077,619,594716
MTH1320,"Intégrales Généralisées, Transformées de Fourier et de Laplace et Applications",3,1077,620,831383
MTH1321,Introduction au calcul de probabilités et statistiques,3,1077,621,774325
PHY1320,Mécanique des fluides : notions fondamentales,3,1077,622,968801
FRA1420,Anglais de spécialité : approche thématique des textes,4,1077,623,968801
GEL1420,Automatisme : notions fondamentales,4,1077,624,759488
GEM1420,Organisation et méthodes de la maintenance,4,1077,625,498603
GEM1421,Asservissement et régulation,4,1077,626,367115
GEM1422,Métallurgie et essai des matériaux,4,1077,627,439646
GEM1423,Hydraulique et pneumatique et TP Hydraulique,4,1077,628,833881
GEM1424,Introduction à la mécanique des contacts,4,1077,629,260691
GEM1425,Fabrication mécanique 4,4,1077,630,831383
GEM1426,Micro-projet,4,1077,631,153031
GEM1427,Thermique appliquée,4,1077,632,683110
GEM1428,Fabrication mécanique et procédés de montage,4,1077,633,750417
GEM1429,Construction mécanique : organes de transmission de puissance,4,1077,634,255764
DRV1520,Propriété industrielle : Notions générales,5,1077,635,808869
GEL1520,Machines électriques,5,1077,636,419941
GEL1521,Commande des machines,5,1077,637,234788
GEM1520,Mécanique auto,5,1077,638,394695
GEM1521,Maintenance des systèmes industrielles,5,1077,639,992676
GEM1522,Appareils de levage et manutention,5,1077,640,380015
GEM1523,Conception et analyse des systèmes mécaniques,5,1077,641,873350
GEM1524,Froid et climatisation,5,1077,642,353789
MGT1520,Vie professionnelle et entreprenariat,5,1077,643,186249
MGT1521,"Hygiène, Sécurité, Qualité et Environnement(HSQE)",5,1077,644,180503
GEM1620,Stage en milieu professionnel,6,1077,645,722253
GEM1621,Rédaction de mémoire,6,1077,646,580746
GEM1622,Soutenance de mémoire,6,1077,647,750417
ANG1120,Anglais : Parler,1,1079,648,831383
FRA1120,Français : Parler,1,1079,649,568037
GEL1121,Electronique analogique,1,1079,650,151560
GEL1122,TP Electronique,1,1079,651,234419
INF1120,Architecture et Technologie des Ordinateurs,1,1079,652,873350
MTH1121,Algèbre linéaire de base,1,1079,653,569234
MTH1122,Calcul Différentiel dans IR,1,1079,654,473490
MTU1120,Méthode de travail universitaire,1,1079,655,876490
PHY1120,Electromagnétisme de base,1,1079,656,688827
GEL1221,Electronique Numérique,2,1079,657,992703
INF1223,Architecture Matérielle,2,1079,658,502425
INF1226,Initiation à la programmation procédurale et web,2,1079,659,545843
INF1228,Méthode d'Analyse et Conception de logiciel - MERISE,2,1079,660,814055
MTH1222,Structure algébrique de base,2,1079,661,589155
MTH1224,Calcul Intégral et applications,2,1079,662,260691
MTH1225,Calcul de Probabilités et Statistique,2,1079,663,662148
INF1320,Projet Tuteuré,3,1079,664,734396
INF1322,Bases de données,3,1079,665,507456
INF1323,Maintenance informatique,3,1079,666,281348
INF1327,Systèmes d'exploitation,3,1079,667,200972
MTH1320,Algorithmiques Numériques,3,1079,668,394695
MTH1324,Recherche opérationnelle,3,1079,669,881142
PHY1320,Electromagnétisme : onde et propagation,3,1079,670,830803
ANG1401,Anglais : Lire et comprendre,4,1079,671,992676
CPT1420,Comptabilité Générale de base,4,1079,672,281348
DRT1420,Droit de l’Informatique,4,1079,673,191950
FRA1401,Français : Lire et comprendre,4,1079,674,437822
INF1420,Stockage et technologie,4,1079,675,747692
INF1421,Administration de bases de données,4,1079,676,903636
INF1422,Réseaux informatiques,4,1079,677,616021
INF1423,Administration Système,4,1079,678,914224
INF1516,Programmation Orientée Objet,5,1079,679,554655
INF1521,Réseaux télécoms,5,1079,680,151560
INF1522,Projet Tuteuré 2,5,1079,681,714780
INF1523,Programmation et Administration Système,5,1079,682,611394
INF1527,Systèmes d’information,5,1079,683,719471
MGT1520,Initiation à l’entrepreneuriat,5,1079,684,270221
INF1620,Sécurité informatique,6,1079,685,512889
INF1621,Administration réseaux,6,1079,686,507456
INF1622,Stage + Projet de Synthèse,6,1079,687,394695
MGT1620,Gestion de projet et entrepreneuriat,6,1079,688,255764
ANG100,Anglais : Ecouter et Parler,1,1097,689,881813
CHM115,Chimie appliquée pour Tech. Sup. I,1,1097,690,720783
FRA100,Français : Ecouter et Parler,1,1097,691,497702
GEC100,Statistique appliquée en GC,1,1097,692,381342
GEC105,Ecoulement en charge,1,1097,693,381342
GEC115,Géologie appliquée,1,1097,694,766149
GEC120,Topographie I,1,1097,695,578572
GEC190,Procédés généraux de construction,1,1097,696,176040
GEM111,Géométrie descriptive pour Tech. Sup. I,1,1097,697,568037
MTH150,Elément de l'Algèbre et de Géométrie,1,1097,698,908087
PHY139,Electrostatique et applications,1,1097,699,435586
ANG101,Anglais : Lire  et Ecrire,2,1097,700,538630
CHM215,Chimie appliquée pour technicien supérieur II,2,1097,701,241174
FRA101,Français: Lire  et Ecrire,2,1097,702,330694
GEC130,Matériaux de construction des ouvrages de GC,2,1097,703,507456
GEC140,Propriétés physiques et hydromécaniques des sols,2,1097,704,498603
GEC151,Machines de chantier,2,1097,705,276269
GEC210,Introduction à la Résistance des matériaux,2,1097,706,709472
GEC345,Alimentation en eau,2,1097,707,394695
INF215,Informatique de Base,2,1097,708,632292
INF216,Introduction à la Programmation,2,1097,709,714780
MTH151,Elément d'Analyse,2,1097,710,947373
FRA205,Français: Ecrits professionnels,3,1097,711,320954
GEC121,Topographie II,3,1097,712,665443
GEC155,Métré et étude de prix,3,1097,713,814055
GEC170,Routes I,3,1097,714,340126
GEC215,Dessin d'architecture,3,1097,715,637429
GEC316,Calcul de Structures,3,1097,716,246911
GEC320,Béton armé I,3,1097,717,506412
GEC350,Assainissement,3,1097,718,353789
MTH231,"Intégrales généralisés, Transformés de Fourier et de Laplace et Application",3,1097,719,881948
STA160,Calcul de probabilités et statistiques,3,1097,720,965594
ANG201,Anglais de spécialité : approche thématique des textes,4,1097,721,793117
ECO370,Initiation à la vie Professionnelle,4,1097,722,498603
GEC125,Dessin de Génie Civil,4,1097,723,680561
GEC160,Conception des bâtiments,4,1097,724,200972
GEC175,Routes II,4,1097,725,793117
GEC180,Chauffage et climatisation,4,1097,726,913036
GEC185,Thermique du bâtiment,4,1097,727,200972
GEC255,Organisation et planification de chantier,4,1097,728,440004
GEC322,Béton armé II,4,1097,729,879867
GEC355,Construction métallique,4,1097,730,164974
DRI400,Gestion de la proprieté industrielle,5,1097,731,835825
ECO410,Elaboration des projets de création d'entreprise,5,1097,732,417199
GEC102,Ouvrage d'arts,5,1097,733,683110
GEC247,Etude de prix et actualisation,5,1097,734,709172
GEC248,Etude de DAO et soumission,5,1097,735,472161
GEC260,Eléments de contrôle de chantier,5,1097,736,151560
GEC271,Topographie assistée par ordinateur,5,1097,737,388720
GEC376,Etude de structure assistée par ordinateur,5,1097,738,914224
GEC470,Dessin Assisté par Ordinateur,5,1097,739,774325
GEL140,Installation électrique,5,1097,740,699380
MGT400,Gestion de la Qualité,5,1097,741,719471
MGT410,Sécurité et Hygiène du Travail,5,1097,742,577818
GEC390,Mémoire de licence professionnelle,6,1097,743,895289
ANG100,Anglais : Ecouter et Parler,1,1100,744,611394
CHM115,Chimie appliquée pour Tech. Sup.: notions de base,1,1100,745,957407
FRA100,Français : Ecouter et Parler,1,1100,746,820810
GEC100,Statique appliquée en GC,1,1100,747,160145
GEC103,Hydrologie de l'ingénieur: notions de base,1,1100,748,449381
GEC115,Géologie appliquée,1,1100,749,903636
GEC120,Introduction à la Topographie,1,1100,750,983175
GEC130,Matériaux de construction des ouvrages de génie civil,1,1100,751,652365
GEM111,Géométrie descriptive pour Tech. Sup.,1,1100,752,569234
MTH150,Eléments d'algèbre et de géométrie,1,1100,753,996700
PHY139,Electrostatique et applications,1,1100,754,832556
UEL1,UE Libre,1,1100,755,493313
ANG101,Anglais : Lire et Ecrire,2,1100,756,833881
CHM215,Chimie appliquée pour technicien supérieur: notions avancées,2,1100,757,701451
FRA101,Français: Lire et Ecrire,2,1100,758,987150
GEC105,Ecoulement en charge : notions de base,2,1100,759,276269
GEC140,Propriétés physiques et hydromécaniques des sols,2,1100,760,131152
GEC151,Machines de chantier,2,1100,761,616021
GEC190,Procédés généraux de construction,2,1100,762,448168
GEC210,Introduction à la Résistance des matériaux,2,1100,763,142375
GEC215,Dessin d'architecture,2,1100,764,680561
INF115,Informatique de Base,2,1100,765,688827
INF116,Introduction à la Programmation,2,1100,766,577733
MTH151,Eléments d'analyse mathématique,2,1100,767,835825
UEL2,UE Libre,2,1100,768,814490
FRA205,Français: Ecrits professionnels,3,1100,769,419941
GEC107,Ecoulement à surface  libre,3,1100,770,845836
GEC121,Topographie: niveau avancé,3,1100,771,388274
GEC155,Métré et étude de prix,3,1100,772,175341
GEC170,Routes: Structures des chaussées,3,1100,773,870499
GEC316,Calcul de Structures,3,1100,774,493313
GEC320,Béton armé: Calcul des sollicitations,3,1100,775,528108
MTH231,"Intégrales généralisés, Transformés de Fourier et de Laplace et Application",3,1100,776,206950
STA160,Calcul de probabilités et statistiques,3,1100,777,378704
UEL3,UE Libre,3,1100,778,448233
ANG201,Anglais de spécialité : approche thématique des textes,4,1100,779,708175
ECO370,Initiation à la vie Professionnelle,4,1100,780,814055
GEC125,Dessin de Génie Civil,4,1100,781,709472
GEC160,Conception des bâtiments,4,1100,782,767172
GEC175,Routes : géométrie,4,1100,783,116039
GEC180,Chauffage et climatisation,4,1100,784,619709
GEC185,Thermique du bâtiment,4,1100,785,363474
GEC255,Organisation et planification de chantier,4,1100,786,848595
GEC322,Béton armé: Justification des sections,4,1100,787,204317
GEC345,Alimentation en eau,4,1100,788,940842
GEC355,Construction métallique,4,1100,789,421625
UEL4,UE Libre,4,1100,790,579198
DRV471,Propriété industrielle: Notions générales,5,1100,791,363474
ECO410,Elaboration des projets de création d'entreprise,5,1100,792,873350
GEC102,Ouvrage d'arts: notions de  base,5,1100,793,506412
GEC248,Etude de DAO et soumission,5,1100,794,785671
GEC260,Eléments de contrôle de chantier,5,1100,795,296062
GEC271,Topographie assistée par ordinateur,5,1100,796,279397
GEC350,Assainissement,5,1100,797,632292
GEC376,Etude de structure assistée par ordinateur,5,1100,798,330694
GEC470,Dessin Assisté par Ordinateur,5,1100,799,577733
GEL140,Installation électrique,5,1100,800,486383
MGT400,Gestion de la Qualité,5,1100,801,574018
MGT410,Sécurité et Hygiène du Travail,5,1100,802,175341
GEC460,"Stage et mémoire de licence professionnelle génie civil, conducteur des travaux",6,1100,803,796163
CHM107,Chimie appliquée,1,1103,804,814490
GEM100,Dessin technique: dessin de définition,1,1103,805,665443
GEM110,Géométrie Descriptive de base,1,1103,806,881948
INF100,Système d'exploitation et introduction à la programmation,1,1103,807,650718
MTH100,Bases mathématiques,1,1103,808,980659
MTH101,Algèbre linéaire de base,1,1103,809,666124
PHY103,Lumière et application,1,1103,810,566058
PHY104,Électrostatique et Électrocinétique,1,1103,811,363576
PHY106,Mécanique du point matériel,1,1103,812,774325
ANG100,Anglais : Ecouter et Parler,2,1103,813,192621
ARC127,Dessin d'architecture,2,1103,814,378704
FRA100,Français : Ecouter et Parler,2,1103,815,947373
GEC115,Géologie appliquée,2,1103,816,518244
GEC120,Topographie,2,1103,817,637429
INF200,Algorithme et structures de données,2,1103,818,378704
MTH102,Structure algébrique de base,2,1103,819,936854
MTH103,Calcul Différentiel dans IR,2,1103,820,769673
PHY206,Mécanique du solide,2,1103,821,764594
ANG101,Anglais : Lire et Ecrire,3,1103,822,449857
ECO100,Introduction générale à la science économique,3,1103,823,447789
FRA101,Français : Lire et Ecrire,3,1103,824,502637
GEC125,Dessin de Génie Civil,3,1103,825,236084
GEC130,Matériaux de construction des ouvrages de génie civil,3,1103,826,594716
GEC160,Conception bâtiment,3,1103,827,662148
PHY110,Magnétostatique et Régimes variables,3,1103,828,895289
PHY159,Introduction à la Mécanique des fluides,3,1103,829,358618
PHY169,Statique Appliquée,3,1103,830,449857
STA160,Calcul de probabilités et statistiques,3,1103,831,975784
ANG201,Anglais de spécialité : approche thématique des textes,4,1103,832,973017
FRA205,Français: Ecrits professionnels,4,1103,833,416420
GEC151,Machines de chantier,4,1103,834,871885
GEC239,Résistance des Matériaux pour GC,4,1103,835,506412
GEC315,Structures,4,1103,836,898026
GEC340,Géotechnique,4,1103,837,607932
GEC370,Hydrologie de l'ingénieur,4,1103,838,829442
GEC425,Dimensionnement des structures de chaussées,4,1103,839,757394
MTH104,Calcul Intégral et applications,4,1103,840,260691
GEC300,Aperçu des Ouvrages d'art,5,1103,841,799952
GEC305,Ecoulement en charge,5,1103,842,150819
GEC310,Ecoulement à surface libre,5,1103,843,568234
GEC405,Béton armé: Calcul des sollicitations,5,1103,844,144186
GEC410,Construction métallique,5,1103,845,575196
GEC450,Procédés généraux de construction,5,1103,846,388720
GEL307,Equipements électriques,5,1103,847,572415
INF229,Initiation au Dessin Assisté par Ordinateur,5,1103,848,528108
MGT410,Sécurité et hygiène au travail,5,1103,849,569234
MTH401,Introduction à l'analyse numérique,5,1103,850,192621
CPT100,Comptabilité,6,1103,851,254977
DRV471,Propriété industrielle: Notions générales,6,1103,852,881813
GEC260,Eléments de contrôle d'un chantier de génie civil,6,1103,853,270221
GEC345,Alimentation en eau,6,1103,854,924383
GEC350,Assainissement,6,1103,855,774325
GEC435,Projet de spécialité,6,1103,856,764594
GEC445,Métré et étude de prix,6,1103,857,169185
GEC452,Organisation et planification de chantier,6,1103,858,683110
GEC455,Béton Armé: Justification des sections et ouvrages,6,1103,859,221365
ANG100,Anglais : Ecouter et Parler,1,1099,860,599550
CHM115,Chimie appliquée pour Tech. Sup.: notions de base,1,1099,861,887574
FRA100,Français : Ecouter et Parler,1,1099,862,908087
GEL100,Introduction aux Circuits Electriques,1,1099,863,983175
GEL105,Mesures et Essais,1,1099,864,975784
GEL107,Electricité Générale,1,1099,865,739351
GEL109,Mécanique Appliquée au point Matériel,1,1099,866,940842
GEM111,Géométrie Descriptive pour Technicien Sup.,1,1099,867,720783
GEM302,Notions sur la Résistance des Matériaux,1,1099,868,577733
MTH150,Eléments d'algèbre et de géométrie,1,1099,869,568037
PHY139,Electrostatique et applications,1,1099,870,518244
UEL1,UE Libres,1,1099,871,555510
ANG101,Anglais : Lire et Ecrire,2,1099,872,947373
CHM215,Chimie appliquée pour technicien supérieur: notions avancées,2,1099,873,785671
FRA101,Français: Lire et Ecrire,2,1099,874,793117
GEL200,Etude d'Equipement et Câblage,2,1099,875,837272
GEL202,Introduction à l'Electronique Générale par la pratique,2,1099,876,227914
GEL205,Résistance des Matériaux,2,1099,877,120157
GEL206,Mécanique Appliquée au Solide,2,1099,878,779207
GEL208,Transformateurs et Machines Asynchrones,2,1099,879,924383
INF115,Informatique de Base,2,1099,880,227914
INF116,Introduction à la Programmation,2,1099,881,973017
MTH151,Eléments d'analyse  mathématique,2,1099,882,389550
PHY239,Introduction à la Physique des capteurs,2,1099,883,569234
UEL2,UE Libres,2,1099,884,569234
FRA205,Français: Ecrits professionnels,3,1099,885,394695
GEL305,Introduction aux Installations Electriques,3,1099,886,853626
GEL310,Notions Avancées d'Electronique Générale par la pratique,3,1099,887,776261
GEL315,Systèmes Logiques par la Pratique,3,1099,888,437822
GEL316,Machines à Courant Continu et Machines Synchrones,3,1099,889,796163
GEL318,Alimentation Electrique,3,1099,890,572415
GEL322,Gestion de la Maintenance,3,1099,891,144186
INF315,Technologie des Ordinateurs et Informatique Industrielle : Introduction,3,1099,892,767800
INF350,Mise en œuvre de Systèmes Informatiques,3,1099,893,680561
MTH231,"Intégrales Généralisées, Transformées de Fourier et de Laplace et Applications",3,1099,894,512889
STA160,Calcul de probabilités et statistiques,3,1099,895,908087
UEL3,UE Libres,3,1099,896,153031
ANG201,Anglais de spécialité : approche thématique des textes,4,1099,897,568234
ECO370,Initiation à la vie Professionnelle,4,1099,898,120157
GEL355,Introduction à l'Electronique de Puissance,4,1099,899,632292
GEL356,Introduction à l'Asservissement et Régulation,4,1099,900,241174
GEL357,Automates Programmables par la Pratique,4,1099,901,861734
GEL358,Commande des Machines par la Pratique,4,1099,902,246911
GEL360,"Introduction à la Production, Transport, Distribution et Protection",4,1099,903,144428
GEL365,Lignes-Antennes-Propagation (LAP),4,1099,904,232444
GEL369,Maintenance des Appareils Audio Visuels (MAAV),4,1099,905,680561
INF355,Technologie des Ordinateurs et Informatique Industrielle : Microprocesseurs,4,1099,906,666124
INF402,"Introduction à l'algorithme, à la programmation et aux bases de données",4,1099,907,699380
UEL4,UE Libres,4,1099,908,131961
DRV471,Propriété industrielle: Notions générales,5,1099,909,881813
ECO410,Elaboration des projets de création d'entreprise,5,1099,910,276269
GEL431,Réseaux Electriques,5,1099,911,400838
GEL432,Energies Solaire (Applications),5,1099,912,180503
GEL433,Energie Eolienne (Applications),5,1099,913,248723
GEL434,Distribution Haute et Basse Tension,5,1099,914,880393
GEL435,Protection des réseaux et des Machines Electriques,5,1099,915,191950
GEL436,Conversion Electrique : Convertisseurs Statiques Industriels,5,1099,916,281348
GEL437,Machines Electriques : Modèles et Comportements,5,1099,917,426762
GEL438,Energie Electrique et ses impacts environnementaux,5,1099,918,841695
GEL439,Appareillages Electriques,5,1099,919,399076
GEL440,Projet tutoré (PGDEE),5,1099,920,175341
MGT400,Gestion de la Qualité,5,1099,921,996700
MGT410,Sécurité et Hygiène du Travail,5,1099,922,936854
GEL460,"Stage et mémoire de licence professionnelle génie électrique, conducteur des travaux",6,1099,923,701451
CHM107,Chimie appliquée,1,1102,924,577733
GEM100,Dessin Technique : Dessin de Définition,1,1102,925,987817
GEM110,Géométrie Descriptive de base,1,1102,926,808869
INF100,Système d'exploitation et introduction à la programmation,1,1102,927,757724
MTH100,Bases mathématiques,1,1102,928,841695
MTH101,Algèbre linéaire de base,1,1102,929,599550
PHY103,Lumière et application,1,1102,930,951803
PHY104,Électrostatique et Électrocinétique,1,1102,931,766149
PHY106,Mécanique du point matériel,1,1102,932,144186
ANG100,Anglais : Ecouter et Parler,2,1102,933,554469
FRA100,Français : Ecouter et Parler,2,1102,934,176040
GEC240,Introduction à la Topographie: Nivellement,2,1102,935,665443
GEM200,Dessin Technique : Dessin d'Ensemble,2,1102,936,895289
INF200,Algorithme et structures de données,2,1102,937,248723
MTH102,Structure algébrique de base,2,1102,938,440004
MTH103,Calcul Différentiel dans IR,2,1102,939,873350
PHY206,Mécanique du solide,2,1102,940,681030
PHY209,Notion avancée d'Électrostatique et Électrocinétique,2,1102,941,667681
ANG101,Anglais : Lire et Ecrire,3,1102,942,799952
ECO100,Introduction générale à la science économique,3,1102,943,554655
FRA101,Français : Lire et Ecrire,3,1102,944,232444
GEL350,Introduction à l'électrotechnique,3,1102,945,879867
GEL412,Electromagnétisme,3,1102,946,419941
GEM301,Construction Mécanique pour GE,3,1102,947,709472
PHY110,Magnétostatique et Régimes variables,3,1102,948,919287
PHY169,Statique Appliquée,3,1102,949,694074
PHY349,Introduction à la thermodynamique,3,1102,950,987817
STA160,Calcul de probabilités et statistiques,3,1102,951,977399
ANG201,Anglais de spécialité : approche thématique des textes,4,1102,952,580746
FRA205,Français: Ecrits professionnels,4,1102,953,969481
GEL300,Introduction à l'Electronique,4,1102,954,977399
GEL402,Mesures électriques,4,1102,955,580746
GEL410,Circuits Electriques,4,1102,956,928725
GEM215,Notion de RDM pour Ingénieur en GE,4,1102,957,983175
GEM310,Fabrication Mécanique : La Pièce mécanique,4,1102,958,876490
MTH104,Calcul Intégral et applications,4,1102,959,983175
PHY190,Notions Avancée de Magnétostatique et Régimes Variables,4,1102,960,417199
GEL360,"Introduction à la Production, Transport, Distribution et Protection",5,1102,961,694074
GEL366,Introduction à l'Asservissement et Régulation des systèmes linéaires,5,1102,962,833881
GEL380,Installations Electriques,5,1102,963,936854
GEL400,Electronique du Signal et Composants,5,1102,964,232444
GEL404,Appareillages Electriques et Câblage,5,1102,965,720783
GEL454,Systèmes Signaux Simulation,5,1102,966,506412
GEL456,Machines Electriques : Constitution et Principes de fonctionnement,5,1102,967,701451
MTH401,Introduction à l'analyse numérique,5,1102,968,701451
PHY339,Physique des Capteurs,5,1102,969,497702
CPT100,Comptabilité,6,1102,970,954001
DRV471,Propriété industrielle: Notions générales,6,1102,971,845836
GEL325,Systèmes de Maintenance,6,1102,972,774325
GEL361,Introduction aux Automates Programmables,6,1102,973,448233
GEL363,Introduction aux Convertisseurs Statiques,6,1102,974,747692
GEL370,Traitement du Signal,6,1102,975,330694
GEL450,Electronique : Fonctions et systèmes,6,1102,976,764594
GEL452,Systèmes Logiques,6,1102,977,575196
GEL470,Projet de Spécialité GE,6,1102,978,498603
INF410,Architecture et Technologie des Ordinateurs,6,1102,979,853626
ANG100,Anglais : Ecouter et Parler,1,1101,981,554469
CHM115,Chimie appliquée pour Tech. Sup.: notions de base,1,1101,982,812000
FRA100,Français : Ecouter et Parler,1,1101,983,734396
GEL123,Electricité - Conducteur-Electrocinétique,1,1101,984,709172
GEM105,Statique Appliquée,1,1101,985,180503
GEM112,"Essai des mécanismes: dureté, fatigue",1,1101,986,589155
GEM125,Thermodynamique Appliquée : notions générales,1,1101,987,996700
GEM135,TP Fabrication Mécanique: opérations élémentaires,1,1101,988,812000
GEM330,Construction Mécanique: éléments de base,1,1101,989,566058
GEM405,Bureau des Méthodes: Introduction,1,1101,990,151560
MTH150,Elément d'Algèbre et de géométrie,1,1101,991,579198
ANG101,Anglais : Lire et Ecrire,2,1101,992,363474
CHM215,Chimie appliquée pour technicien supérieur: notions avancées,2,1101,993,887574
FRA101,Français: Lire et Ecrire,2,1101,994,448168
GEL341,Electrotechnique,2,1101,995,169733
GEM216,Essai des mécanismes : les appareils de levage et manutention,2,1101,996,281348
GEM302,Résistance des Matériaux : notions de base,2,1101,997,381342
GEM415,Fabrication Mécanique: les outils et leur emploi,2,1101,998,232444
GEM420,TP Fabrication Mécanique: Usinages classiques,2,1101,999,545511
GEM440,Bureau des Méthodes : niveau avancé,2,1101,1000,997024
INF115,Informatique de Base,2,1101,1001,785671
INF116,Introduction à la Programmation,2,1101,1002,493313
MTH151,Elément d'Analyse mathématique,2,1101,1003,887574
FRA205,Français: Ecrits professionnels,3,1101,1004,589155
GEL342,Notions d'électrotechnique,3,1101,1005,186249
GEM206,Cinématique appliquée,3,1101,1006,426762
GEM306,Résistance des Matériaux : notions avancées,3,1101,1007,709172
GEM332,Métallurgie et Essai des Matériaux: Structure et élaboration des matériaux,3,1101,1008,144428
GEM431,TP Fabrication Mécanique: Usinages spéciaux,3,1101,1009,400838
GEM437,Construction Mécanique: les éléments de transmission de mouvement,3,1101,1010,750417
GEM444,CFAO – CN pour Tech. Sup.,3,1101,1011,234419
GEM450,Montage d'usinage,3,1101,1012,579198
MTH231,"Intégrales généralisés, Transformés de Fourier et de Laplace et Application",3,1101,1013,502637
PHY159,Introduction à la Mécanique des fluides,3,1101,1014,281348
STA160,Calcul de probabilités et statistiques,3,1101,1015,164974
ANG201,Anglais de spécialité : approche thématique des textes,4,1101,1016,486383
ECO370,Initiation à la vie Professionnelle,4,1101,1017,680561
GEL120,Automatisme pour Tech. Sup.,4,1101,1018,569234
GEM101,Organisation et méthodes de la maintenance,4,1101,1019,681030
GEM148,Asservissement et régulation,4,1101,1020,169185
GEM334,Métallurgie et Essai des matériaux: aciers et fontes,4,1101,1021,320954
GEM416,Hydraulique et pneumatique,4,1101,1022,788685
GEM418,TP Mécanique des fluides,4,1101,1023,353789
GEM424,TP Fabrication Mécanique: moulage,4,1101,1024,545843
GEM426,Fabrication Mécanique: méthodes et procédés de montage,4,1101,1025,829442
GEM428,Micro-projet,4,1101,1026,279397
GEM446,TP CFAO – CN,4,1101,1027,790245
DRV471,Propriété industrielle: Notions générales,5,1101,1028,688827
ECO410,Elaboration des projets de création d'entreprise,5,1101,1029,472161
GEL121,Machines Electriques,5,1101,1030,276269
GEL122,Commande des machines,5,1101,1031,683110
GEM104,Mécanique auto,5,1101,1032,709172
GEM430,Maintenance Conditionnelle et Fiabilité des systèmes,5,1101,1033,153031
GEM432,Contrôle Non destructif,5,1101,1034,951803
GEM438,Conception et analyse des systèmes mécaniques,5,1101,1035,639813
GEM442,Techniques de Lubrification des machines,5,1101,1036,735043
MGT400,Gestion de la Qualité,5,1101,1037,527218
MGT410,Sécurité et Hygiène du Travail,5,1101,1038,992676
GEM460,"Stage et mémoire de licence professionnelle génie mécanique,  conducteur des travaux",6,1101,1039,419941
CHM107,Chimie appliquée,1,1104,1040,144428
GEM100,Dessin technique: dessin de définition,1,1104,1041,556470
GEM110,Géométrie Descriptive de base,1,1104,1042,913036
INF100,Système d'exploitation et introduction à la programmation,1,1104,1043,569234
MTH100,Bases mathématiques,1,1104,1044,421625
MTH101,Algèbre linéaire de base,1,1104,1045,833881
PHY103,Lumière et application,1,1104,1046,363474
PHY104,Électrostatique et Électrocinétique,1,1104,1047,138934
PHY106,Mécanique du point matériel,1,1104,1048,767800
ANG100,Anglais : Ecouter et Parler,2,1104,1049,845836
FRA100,Français : Ecouter et Parler,2,1104,1050,680975
GEM200,Dessin Technique : Dessin d'Ensemble,2,1104,1051,632292
GEM310,Fabrication Mécanique : La pièce mécanique,2,1104,1052,176040
GEM330,Construction Mécanique: éléments de base,2,1104,1053,392665
INF200,Algorithme et structures de données,2,1104,1054,681030
MTH102,Structure algébrique de base,2,1104,1055,607932
MTH103,Calcul Différentiel dans IR,2,1104,1056,579198
PHY206,Mécanique du solide,2,1104,1057,131961
ANG101,Anglais : Lire et Ecrire,3,1104,1058,575196
ECO100,Introduction générale à la science économique,3,1104,1059,473490
FRA101,Français : Lire et Ecrire,3,1104,1060,973017
GEM340,Fabrication mécanique: le porte-pièce et les machines-outils,3,1104,1061,378704
GEM410,Construction mécanique: les arbres et les roulements,3,1104,1062,107649
PHY110,Magnétostatique et Régimes variables,3,1104,1063,688827
PHY159,Introduction à la Mécanique des fluides,3,1104,1064,594716
PHY169,Statique Appliquée,3,1104,1065,932700
STA160,Calcul de probabilités et statistiques,3,1104,1066,639813
ANG201,Anglais de spécialité : approche thématique des textes,4,1104,1067,545511
FRA205,Français: Ecrits professionnels,4,1104,1068,709472
GEM135,TP Fabrication Mécanique: opérations élémentaires,4,1104,1069,928725
GEM300,Introduction à la Conception Assistée par Ordinateur,4,1104,1070,924383
GEM320,Résistance des matériaux appliquée au Génie Mécanique,4,1104,1071,914224
GEM415,Fabrication Mécanique: les outils et leur emploi,4,1104,1072,568234
GEM434,Construction mécanique: les ressorts et boulons,4,1104,1073,528108
MTH104,Calcul Intégral et applications,4,1104,1074,248723
PHY202,Thermodynamique classique,4,1104,1075,139208
GEL420,Circuits et mesures électriques,5,1104,1076,914224
GEM101,Organisation et méthodes de la maintenance,5,1104,1077,388274
GEM405,Bureau des Méthodes: Introduction,5,1104,1078,616021
GEM419,Fabrication mécanique: les porte-outils et analyse d'usinage,5,1104,1079,512889
GEM420,TP Fabrication Mécanique: Usinages classiques,5,1104,1080,186249
GEM437,Construction Mécanique: les éléments de transmission de mouvement,5,1104,1081,578069
GEM445,CFAO-CN,5,1104,1082,616294
GEM450,Montage d'usinage,5,1104,1083,987817
MGT410,Sécurité et hygiène au travail,5,1104,1084,142375
MTH401,Introduction à l'analyse numérique,5,1104,1085,446926
CPT100,Comptabilité,6,1104,1086,126619
DRV471,Propriété industrielle: Notions générales,6,1104,1087,739351
GEM220,Thermodynamique appliquée,6,1104,1088,579198
GEM416,Hydraulique et pneumatique,6,1104,1089,437822
GEM426,Fabrication Mécanique: méthodes et procédés de montage,6,1104,1090,396973
GEM431,TP Fabrication Mécanique: Usinages spéciaux,6,1104,1091,743679
GEM439,Construction mécanique avancée,6,1104,1092,440004
GEM440,Bureau des méthodes: niveau avancé,6,1104,1093,870499
GEM480,Projet de conception Génie Mécanique,6,1104,1094,883591
ANG100,Anglais : Ecouter et Parler,1,1098,1096,968801
ANG101,Anglais : Lire  et Ecrire,1,1098,1097,495082
ANG201,Anglais de spécialité : approche thématique des textes,1,1098,1098,386235
CHM115,Chimie Appliquée pour Tech. Sup.  I,1,1098,1099,439646
CHM215,Chimie Appliquée pour Tech. Sup. II,1,1098,1100,808869
DRI400,Gestion de la Propriété Industrielle,1,1098,1101,880393
ECO370,Initiation à la vie Professionnelle,1,1098,1102,992703
ECO410,Elaboration des projets de création d'entreprise,1,1098,1103,983736
FRA100,Français : Ecouter et Parler I,1,1098,1104,388274
FRA101,Français: Lire  et Ecrire,1,1098,1105,688827
FRA205,Français: Ecrits professionnels,1,1098,1106,898026
GEL120,Automatisme pour Tech. Sup.,1,1098,1107,948604
GEL121,Machines Electriques,1,1098,1108,126619
GEL122,Commande des machines,1,1098,1109,221365
GEL123,Electricité - Electronique - Electrotechnique I,1,1098,1110,940842
GEL341,Electricité - Electronique - Electrotechnique II,1,1098,1111,876490
GEL342,Electricité - Electronique - Electrotechnique III,1,1098,1112,276269
GEM101,Organisation et méthodes de la maintenance,1,1098,1113,415403
GEM102,Bureau des Méthodes pour Tech. Sup. I,1,1098,1114,180503
GEM104,Mécanique auto,1,1098,1115,512889
GEM105,Statique Appliquée,1,1098,1116,448168
GEM112,Essai des mécanismes I,1,1098,1117,938149
GEM115,Construction Mécanique pour tech. Sup.  I,1,1098,1118,871885
GEM122,Introduction à la Mécanique des fluides,1,1098,1119,667681
GEM125,Thermodynamique appliquée,1,1098,1120,924383
GEM135,TP Fabrication Mécanique et Métrologie I,1,1098,1121,870499
GEM140,Fabrication Mécanique pour Tech. Sup.  I,1,1098,1122,530804
GEM148,Asservissement et régulation,1,1098,1123,932700
GEM206,Cinématique appliquée,1,1098,1124,169185
GEM216,Essai des mécanismes II,1,1098,1125,428249
GEM302,Résistance des Matériaux de base I,1,1098,1126,983736
GEM306,Résistance des Matériaux de base II,1,1098,1127,472161
GEM332,Métallurgie et Essai des Matériaux I,1,1098,1128,965594
GEM334,Métallurgie et Essai des Matériaux II,1,1098,1129,276381
GEM341,Fabrication Mécanique pour Tech. Sup.  II,1,1098,1130,589155
GEM406,Résistance des Matériaux de base III,1,1098,1131,440004
GEM413,Fabrication Mécanique pour Tech. Sup. III,1,1098,1132,652365
GEM416,Hydraulique et pneumatique,1,1098,1133,938149
GEM417,Fabrication Mécanique pour Tech. Sup. IV,1,1098,1134,743679
GEM418,TP Mécanique des fluides,1,1098,1135,578572
GEM420,TP Fabrication Mécanique et Métrologie II,1,1098,1136,820810
GEM422,TP Fabrication Mécanique et Métrologie III,1,1098,1137,722253
GEM424,TP Fabrication Mécanique et Métrologie IV,1,1098,1138,392665
GEM428,Micro-projet,1,1098,1139,835832
GEM430,Maintenance Conditionnelle et Fiabilité des systèmes,1,1098,1140,776261
GEM432,Contrôle Non destructif,1,1098,1141,142375
GEM433,Construction Mécanique pour Tech. Sup. II,1,1098,1142,381342
GEM435,Construction Mécanique pour Tech. Sup.III,1,1098,1143,709472
GEM436,Construction Mécanique pour Tech. Sup. IV,1,1098,1144,968801
GEM438,Conception et analyse des systèmes mécaniques,1,1098,1145,335654
GEM442,Techniques de Lubrification des machines,1,1098,1146,616021
GEM444,CFAO – CN pour Tech. Sup.,1,1098,1147,164974
GEM446,TP CFAO – CN,1,1098,1148,992703
GEM450,Montage d'usinage,1,1098,1149,720783
GEM451,Bureau des Méthodes pour Tech. Sup.  II,1,1098,1150,415403
GEM546,Mémoire de Licence,1,1098,1151,473490
INF215,Informatique de Base,1,1098,1152,126619
INF216,Introduction à la Programmation,1,1098,1153,473490
MGT400,Gestion de la Qualité,1,1098,1154,873350
MGT410,Sécurité et Hygiène du Travail,1,1098,1155,186249
MTH150,Elément d'Algèbre et de géométrie,1,1098,1156,363474
MTH151,Elément d'Analyse,1,1098,1157,176040
MTH231,"Intégrales généralisés, Transformés de Fourier et de Laplace et Application",1,1098,1158,186249
STA160,Calcul de probabilités et statistiques,1,1098,1159,363576
GES5120,Accompagnement des Idées et opportunités entrepreneuriales,1,1656,1160,790245
GES5124,Comptabilité et fiscalité,1,1656,1161,812000
GES5121,Développement des Compétences entrepreneuriales,2,1656,1162,566058
GES5122,Conception et pilotage d'un scénario entrepreneurial,2,1656,1163,662148
GES5123,Stage et ateliers : Projet entrepreneurial,2,1656,1164,940842
ANG2128,Practical English B1(Mise à niveau),1,1083,1168,578069
ANG2129,Professional English B2+ (mise à niveau),1,1083,1169,451320
DRT2120,"Droit, éthique, propriété intellectuelle",1,1083,1170,908087
INF2120,Aide à la décision,1,1083,1171,957407
INF2122,Programmation,1,1083,1172,589155
MGT2121,Management de projets et d'entreprise,1,1083,1173,378704
MTH2120,Statistique inférentielle,1,1083,1174,636876
MTH2129,Fondements de l'informatique et de l'IA,1,1083,1175,279397
ANG2228,Professional English B2,2,1083,1176,764594
ANG2229,English for Technology and Industry C1,2,1083,1177,512889
FPU2221,Méthodologie de recherche en sciences,2,1083,1178,919287
INF2220,Optimisation avancée,2,1083,1179,186249
INF2221,Méthodes de Machine Learning,2,1083,1180,871885
INF2225,Fondamentaux du génie logiciel,2,1083,1181,131961
INF2226,Réseaux informatiques : CCNA Routing and Switching (certification),2,1083,1182,186249
TCC2220,Projet tuteuré 1 : Observer son environnement et proposer des solutions,2,1083,1183,835825
TCC2223,Séminaire : Présentation sur un thème ou outil,2,1083,1184,607932
ANG2328,Business English B2 et EXAMEN INTERNATIONAL,3,1083,1185,200972
ANG2329,Business English C1 et EXAMEN INTERNATIONAL,3,1083,1186,164974
INF2320,Conception et pilotage de système d'IoT,3,1083,1187,914224
INF2321,Migration cloud,3,1083,1188,800119
INF2322,Architecture et développement en JEE,3,1083,1189,947373
INF2325,Sécurité des systèmes informatiques,3,1083,1190,852973
INF2327,Administration des bases de données avancées,3,1083,1191,107649
INF2329,Interface Homme-Machine,3,1083,1192,232444
TCC2320,Projet tutoré 2,3,1083,1193,449857
INF2420,"Stage de longue durée, période de création d'entreprise (24 semaines)",4,1083,1194,757394
ANG2126,Anglais Technique : Lire et écrire,1,1060,1195,306952
ECO2128,Création d’entreprise,1,1060,1196,898026
GEL2126,"Circuits, Mesures et automatique",1,1060,1197,820810
GEL2127,Machines électriques,1,1060,1198,948604
INF2126,Programmation Orientée Objet,1,1060,1199,415403
MTH2126,Mathématique pour l’Ingénieur,1,1060,1200,830803
MTH2127,Outils d’analyse mathématique,1,1060,1201,736871
ANG2226,Anglais Technique : Ecrits professionnels,2,1060,1202,870499
GEL2221,CAO / DAO et installation électrique,2,1060,1203,812000
GEL2222,Production et transport de l’Energie Electrique,2,1060,1204,142375
GEL2223,Convertisseurs statiques – Energie solaire,2,1060,1205,579198
GEL2224,Automates Programmables : Réseaux Industriels de Terrain,2,1060,1206,449857
GEL2226,Machines électriques et Haut Tension,2,1060,1207,774325
INF2226,Informatique Appliquée,2,1060,1208,735043
GEL2320,Energie Eolienne et Protections des Réseaux Electriques,3,1060,1209,204317
GEL2321,Production et distribution de l’énergie électrique,3,1060,1210,486383
GEL2322,Commandes des machines électriques et Entrainements et Tractions Electriques,3,1060,1211,287992
GEL2324,Fiabilité et énergie électrique,3,1060,1212,578572
GEL2325,Réseaux électriques et développement durable,3,1060,1213,566058
GEL2326,Qualité et Recherche en Ingénierie,3,1060,1214,808285
MGT2129,Elaboration de Dossier de Soumissions et Procédures de Passation des Marchés,3,1060,1215,389550
GEL2426,Stage de Master Ingénieur professionnel en Electricité,4,1060,1216,683110
GEL2427,Rédaction et Soutenance de mémoire de Master Ingénieur de Conception,4,1060,1217,574018
ANG2128,Practical English B1(Mise à niveau),1,1084,1218,997807
ANG2129,Professional English B2+ (mise à niveau),1,1084,1219,936854
DRT2120,"Droit, éthique, propriété intellectuelle",1,1084,1220,636876
INF2120,Aide à la décision,1,1084,1221,903636
INF2122,Programmation,1,1084,1222,907891
MGT2121,Management de projets et d'entreprise,1,1084,1223,575196
MTH2120,Statistique inférentielle,1,1084,1224,599550
MTH2129,Fondements de l'informatique et de l'IA,1,1084,1225,686150
ANG2228,Professional English B2,2,1084,1226,793117
ANG2229,English for Technology and Industry C1,2,1084,1227,743679
FPU2221,Méthodologie de recherche en sciences,2,1084,1228,708175
INF2220,Optimisation avancée,2,1084,1229,980659
INF2221,Méthodes de Machine Learning,2,1084,1230,799952
INF2223,Données et architecture,2,1084,1231,983175
INF2227,Technique et outils de production,2,1084,1232,589155
INF2228,Programmation avancée 2,2,1084,1233,831383
INF2229,Informatique et Gestion de données,2,1084,1234,767800
TCC2220,Projet tuteuré 1 : Observer son environnement et proposer des solutions,2,1084,1235,808285
ANG2328,Business English B2 et EXAMEN INTERNATIONAL,3,1084,1236,881142
ANG2329,Business English C1 et EXAMEN INTERNATIONAL,3,1084,1237,451320
INF2321,Migration cloud,3,1084,1238,169733
INF2323,Environnement du Big Data,3,1084,1239,793117
INF2324,Cloud et Traitements distribués,3,1084,1240,437822
INF2326,Plateforme Middleware pour le Big Data,3,1084,1241,176040
INF2328,Programmation avancée 3,3,1084,1242,632292
MTH2321,"Reconnaissance et apprentissage automatique (RL, LSTM et NLP)",3,1084,1243,743679
MTH2329,"Mathématiques de l'IA 3 : MLP, CNN et GAN",3,1084,1244,153031
TCC2320,Projet tutoré 2,3,1084,1245,708175
INF2420,"Stage de longue durée, période de création d'entreprise (24 semaines)",4,1084,1246,274798
ANG2128,Practical English B1(Mise à niveau),1,1085,1247,757724
ANG2129,Professional English B2+ (mise à niveau),1,1085,1248,837272
DRT2120,"Droit, éthique, propriété intellectuelle",1,1085,1249,473490
INF2120,Aide à la décision,1,1085,1250,983736
INF2122,Programmation,1,1085,1251,153031
MGT2121,Management de projets et d'entreprise,1,1085,1252,327503
MTH2129,Fondements de l'informatique et de l'IA,1,1085,1253,652365
ANG2228,Professional English B2,2,1085,1254,954001
ANG2229,English for Technology and Industry C1,2,1085,1255,330694
FPU2221,Méthodologie de recherche en sciences,2,1085,1256,512889
INF2220,Optimisation avancée,2,1085,1257,760259
INF2221,Modélisation d'un processus logistique,2,1085,1258,151560
INF2225,Conception de réseau logistique,2,1085,1259,472161
INF2226,Gestion des entrepôts,2,1085,1260,814490
TCC2220,Projet tuteuré 1 : Observer son environnement et proposer des solutions,2,1085,1261,814055
TCC2223,Ordonnancement,2,1085,1262,241174
ANG2328,Business English B2 et EXAMEN INTERNATIONAL,3,1085,1263,241174
ANG2329,Business English C1 et EXAMEN INTERNATIONAL,3,1085,1264,694074
TCC2320,Projet tutoré 2,3,1085,1265,448168
ANG2126,Anglais de Spécialité,1,1717,1266,493313
DRV2120,Droits des Sociétés,1,1717,1267,175341
ECO2120,Entreprenariat,1,1717,1268,200972
GEC2120,Hydraulique routière,1,1717,1269,330694
GEC2121,Mécanique Appliquée,1,1717,1270,708175
GEC2122,Technologies des Ouvrages,1,1717,1271,206950
MGT2121,Gestion de la Qualité,1,1717,1272,227914
MTH2120,Elaboration de dossiers de soumissions et procédures de marchés,1,1717,1273,667681
MTH2126,Mathématiques de l'Ingénieur,1,1717,1274,759488
SOC2120,Sociologie de l'ingénieur,1,1717,1275,545843
URB2120,Notions d'Urbanisme,1,1717,1276,495082
GEC2220,Béton armé et précontraint,2,1717,1277,577733
GEC2221,Eau et assainissement,2,1717,1278,616021
GEC2222,Matériaux tropicaux et Composites,2,1717,1279,709472
GEC2223,Dimensionnement Géotechnique des Ouvrages,2,1717,1280,498603
GEC2224,Physique du bâtiment,2,1717,1281,530804
GEC2225,Dynamique des Ouvrages,2,1717,1282,709472
GEC2227,Constructions mixtes,2,1717,1283,512889
GEC2228,Dimensionnement des structures légères,2,1717,1284,363474
GEC2320,Constructions durables et matériaux biosourcés,3,1717,1285,675916
GEC2321,Planification de chantier,3,1717,1286,554655
GEC2322,Dimensionnement des ponts,3,1717,1287,913036
GEC2323,Etude de logiciels de spécialités,3,1717,1288,699380
GEC2324,Pathologies et réparations des ouvrages de Génie Civil,3,1717,1289,709472
GEC2325,Séminaire de l'ingénieur et visites de chantier,3,1717,1290,837272
GEC2326,Dimensionnement des routes assisté par ordinateur,3,1717,1291,306952
GEC2327,Etude d'ouvrages spécifiques,3,1717,1292,232444
PHY2329,Climatisation,3,1717,1293,767800
GEC2420,Mémoire de Master Génie civil,4,1717,1294,311995
DRV2120,Droit des sociétés,1,1719,1295,554469
ECO2121,Entreprenariat,1,1719,1296,832556
FPU2129,Initiation à la pédagogie universitaire,1,1719,1297,556470
GEL2120,Technologie et technique d'un signal porteur,1,1719,1298,948604
INF2120,Programmation Orientée Objet,1,1719,1299,957407
MGT2120,Elaboration des dossiers de soumission et procédures de passation des marchés,1,1719,1300,997024
MGT2121,Gestion de la Qualité,1,1719,1301,880393
MTH2126,Mathématique de l'ingénieur,1,1719,1302,667681
MTH2127,Probabilités et statistiques pour l'ingénieur,1,1719,1303,380015
SOC2120,Sociologie de l'ingénieur,1,1719,1304,276269
GEL2220,Machines électriques : Caractéristiques et Exploitation,2,1719,1305,688827
GEL2221,Electronique de Puissance: Modèles et Simulation,2,1719,1306,507456
GEL2222,Systèmes Asservis Echantillonnés,2,1719,1307,388720
GEL2223,Transport de l'Energie Electrique,2,1719,1308,881813
GEL2224,Distribution de l'Energie Electrique,2,1719,1309,830803
GEL2225,"Structure, Constitution et Principes de Fonctionnement des Machines Electriques",2,1719,1310,400838
GEL2226,"Outils d'analyse énergétique pour le dévéloppement énergétique durable ( MAED,WASP,FINPLAN, MESSAGE,SIMPACTS)",2,1719,1311,957407
GEL2227,Energies Renouvelables : Modélisation,2,1719,1312,310304
GEL2228,Production de l'Energie Electrique conventionnelle,2,1719,1313,973017
MTH2220,Méthode des éléments finis,2,1719,1314,150819
ANG2326,Anglais Technique : Ecrits professionnels,3,1719,1315,578069
GEL2320,Entraînements et Tractions Electriques,3,1719,1316,270221
GEL2321,Energie renouvelable: production décentralisée et réseaux électriques intélligents : Smartgrids,3,1719,1317,417199
GEL2322,Commandes des Machines,3,1719,1318,545843
GEL2323,Automates Programmables: Réseaux Industriels de Terrain,3,1719,1319,636876
GEL2324,Protections Electriques,3,1719,1320,186249
GEL2325,Systèmes de Télécommunications : Téléphonie et Transmission de Données Numériques,3,1719,1321,416420
GEL2326,Système de Télécommunications : La Télévision Numérique et la Télévision Numérique Terrestre (TNT),3,1719,1322,392665
GEL2327,Projet en EEEA ( Electricité-Electrotechnique-Electronique-Automatique),3,1719,1323,577818
GEL2328,Ondes Electromagnétiques,3,1719,1324,774325
INF2320,Introduction au Système UNIX,3,1719,1325,449381
INF2321,Informatique Appliquée,3,1719,1326,555510
GEL2420,Stage en entreprise & Rédaction de mémoire,4,1719,1327,924383
GEL2421,Soutenance de mémoire de Master Ingénieur Professionnel en Génie Electrique,4,1719,1328,928725
ANG2126,Anglais Pratique de Spécialité : Lire et écrire,1,1058,1329,388274
ECO2128,Création d’entreprise,1,1058,1330,191950
GEL2126,UE Composite GEL2126,1,1058,1331,234788
GEL2127,UE Composite GEL2127,1,1058,1332,714780
GEL2129,Mesures et statistiques,1,1058,1333,788685
INF2126,Programmation Orientée Objet,1,1058,1334,919287
MTH2126,Mathématique pour l’Ingénieur,1,1058,1335,636876
MTH2128,Analyses numériques,1,1058,1336,142375
ANG2226,Anglais pratique de Spécialité : Ecrits professionnels,2,1058,1337,150819
FPU2229,Introduction à la Pédagogie Universitaire,2,1058,1338,435586
GEL2222,UE Composite GEL2222,2,1058,1339,399076
GEL2223,UE Composite GEL2223,2,1058,1340,568037
GEL2224,Automates Programmables : Réseaux Industriels de Terrain,2,1058,1341,947373
GEL2225,Installations Electriques Industrielles et domestiques,2,1058,1342,652365
GEL2228,UE Composite GEL2228,2,1058,1343,903636
GEL2229,Méthodologie et Evaluation des Travaux de Recherche,2,1058,1344,274798
INF2226,Informatique Appliquée,2,1058,1345,699380
GEL2322,UE Composite GEL2322,3,1058,1346,837272
GEL2323,UE Composite GEL2323,3,1058,1347,709172
GEL2325,UE Composite GEL2325,3,1058,1348,883591
GEL2327,UE Composite GEL2327,3,1058,1349,969481
GEL2328,UE Composite GEL2328,3,1058,1350,200972
GEL2329,Fiabilité des Systèmes Electriques,3,1058,1351,169733
MGT2329,Elaboration de Dossier de Soumissions et Procédures de Passation des Marchés,3,1058,1352,694074
GEL2426,Stage au laboratoire/en entreprise et rédaction de mémoire,4,1058,1353,446926
GEL2427,Rédaction et Soutenance de mémoire de Master Ingénieur recherche en Electricité,4,1058,1354,811851
